<?xml version="1.0" encoding="UTF-8"?>
<!DOCTYPE mapper PUBLIC "-//mybatis.org//DTD Mapper 3.0//EN" "http://mybatis.org/dtd/mybatis-3-mapper.dtd">
<mapper namespace="org.springblade.modules.visual.mapper.VisualLogMapper">

    <!-- 通用查询映射结果 -->
    <resultMap id="visualLogResultMap" type="org.springblade.modules.visual.entity.VisualLog">
        <result column="id" property="id"/>
        <result column="title" property="title"/>
        <result column="method" property="method"/>
        <result column="request_uri" property="requestUri"/>
        <result column="user_agent" property="userAgent"/>
        <result column="remote_ip" property="remoteIp"/>
        <result column="method_class" property="methodClass"/>
        <result column="method_name" property="methodName"/>
        <result column="params" property="params"/>
        <result column="time" property="time"/>
        <result column="create_time" property="createTime"/>
    </resultMap>

    <!-- 通用查询映射结果 -->
    <resultMap id="visualLogDTOResultMap" type="org.springblade.modules.visual.dto.VisualLogDTO">
        <result column="id" property="id"/>
        <result column="title" property="title"/>
        <result column="method" property="method"/>
        <result column="request_uri" property="requestUri"/>
        <result column="method_class" property="methodClass"/>
        <result column="method_name" property="methodName"/>
        <result column="time" property="time"/>
        <result column="create_time" property="createTime"/>
    </resultMap>


    <select id="selectVisualLogPage" resultMap="visualLogDTOResultMap">
        select id, title, method, request_uri, method_class, method_name, time, create_time from blade_visual_log
        <where>
            <if test="visualLog.title!=null">
                and title like concat(concat('%', #{visualLog.title}), '%')
            </if>
            <if test="visualLog.requestUri!=null">
                and request_uri like concat(concat('%', #{visualLog.requestUri}), '%')
            </if>
        </where>
    </select>

</mapper>
